﻿<?xml version="1.0" encoding="utf-8"?>
<tags>
  <row Id="3" TagName="des" Count="119" ExcerptPostId="46" WikiPostId="45" />
  <row Id="4" TagName="permutation" Count="44" ExcerptPostId="1582" WikiPostId="1581" />
  <row Id="7" TagName="sha-1" Count="93" ExcerptPostId="1234" WikiPostId="1233" />
  <row Id="9" TagName="hash" Count="810" ExcerptPostId="167" WikiPostId="166" />
  <row Id="12" TagName="cryptanalysis" Count="503" ExcerptPostId="169" WikiPostId="168" />
  <row Id="13" TagName="literature" Count="6" ExcerptPostId="10970" WikiPostId="10969" />
  <row Id="14" TagName="rsa" Count="750" ExcerptPostId="212" WikiPostId="211" />
  <row Id="17" TagName="encryption" Count="1202" ExcerptPostId="165" WikiPostId="164" />
  <row Id="18" TagName="s-boxes" Count="46" ExcerptPostId="197" WikiPostId="196" />
  <row Id="19" TagName="ripemd" Count="7" ExcerptPostId="10673" WikiPostId="10672" />
  <row Id="21" TagName="bitcoin" Count="21" ExcerptPostId="2054" WikiPostId="2053" />
  <row Id="22" TagName="salt" Count="73" ExcerptPostId="178" WikiPostId="177" />
  <row Id="23" TagName="implementation" Count="175" ExcerptPostId="533" WikiPostId="532" />
  <row Id="24" TagName="aes" Count="625" ExcerptPostId="214" WikiPostId="213" />
  <row Id="26" TagName="block-cipher" Count="340" ExcerptPostId="173" WikiPostId="172" />
  <row Id="28" TagName="coding-theory" Count="13" ExcerptPostId="11094" WikiPostId="11093" />
  <row Id="29" TagName="elliptic-curves" Count="380" ExcerptPostId="1221" WikiPostId="1220" />
  <row Id="30" TagName="hermitian-curves" Count="2" />
  <row Id="31" TagName="tls" Count="173" ExcerptPostId="222" WikiPostId="221" />
  <row Id="32" TagName="public-key" Count="575" ExcerptPostId="531" WikiPostId="530" />
  <row Id="33" TagName="keys" Count="215" ExcerptPostId="275" WikiPostId="274" />
  <row Id="34" TagName="playfair" Count="10" ExcerptPostId="9832" WikiPostId="9831" />
  <row Id="35" TagName="random-number-generator" Count="244" ExcerptPostId="978" WikiPostId="977" />
  <row Id="36" TagName="database" Count="29" ExcerptPostId="1586" WikiPostId="1585" />
  <row Id="38" TagName="xor" Count="75" ExcerptPostId="1134" WikiPostId="1133" />
  <row Id="39" TagName="stream-cipher" Count="160" ExcerptPostId="171" WikiPostId="170" />
  <row Id="41" TagName="side-channel-attacks" Count="36" ExcerptPostId="199" WikiPostId="198" />
  <row Id="42" TagName="timing-attacks" Count="25" ExcerptPostId="2942" WikiPostId="2941" />
  <row Id="44" TagName="resources" Count="7" ExcerptPostId="1232" WikiPostId="1231" />
  <row Id="45" TagName="one-time-pad" Count="120" ExcerptPostId="2514" WikiPostId="2513" />
  <row Id="48" TagName="authentication" Count="233" ExcerptPostId="1204" WikiPostId="1203" />
  <row Id="52" TagName="file-encryption" Count="70" ExcerptPostId="3410" WikiPostId="3409" />
  <row Id="53" TagName="passwords" Count="184" ExcerptPostId="176" WikiPostId="175" />
  <row Id="58" TagName="oblivious-transfer" Count="21" ExcerptPostId="1357" WikiPostId="1356" />
  <row Id="59" TagName="multiparty-computation" Count="70" ExcerptPostId="9454" WikiPostId="9453" />
  <row Id="61" TagName="function-evaluation" Count="8" ExcerptPostId="9721" WikiPostId="9720" />
  <row Id="62" TagName="factorization" Count="86" ExcerptPostId="1240" WikiPostId="1239" />
  <row Id="65" TagName="algebraic-attack" Count="16" ExcerptPostId="234" WikiPostId="233" />
  <row Id="66" TagName="key-size" Count="80" ExcerptPostId="3414" WikiPostId="3413" />
  <row Id="67" TagName="statistical-test" Count="28" ExcerptPostId="9801" WikiPostId="9800" />
  <row Id="72" TagName="post-quantum-cryptography" Count="84" ExcerptPostId="216" WikiPostId="215" />
  <row Id="73" TagName="key-derivation" Count="144" ExcerptPostId="1592" WikiPostId="1591" />
  <row Id="74" TagName="test-vectors" Count="16" ExcerptPostId="9837" WikiPostId="9836" />
  <row Id="75" TagName="bcrypt" Count="38" ExcerptPostId="2924" WikiPostId="2923" />
  <row Id="76" TagName="blowfish" Count="26" ExcerptPostId="1598" WikiPostId="1597" />
  <row Id="77" TagName="signature" Count="319" ExcerptPostId="1097" WikiPostId="1096" />
  <row Id="79" TagName="substitution-cipher" Count="48" ExcerptPostId="181" WikiPostId="180" />
  <row Id="83" TagName="sha-256" Count="106" ExcerptPostId="2171" WikiPostId="2170" />
  <row Id="84" TagName="entropy" Count="111" ExcerptPostId="1224" WikiPostId="1223" />
  <row Id="86" TagName="mac" Count="179" ExcerptPostId="201" WikiPostId="200" />
  <row Id="88" TagName="historic" Count="21" ExcerptPostId="207" WikiPostId="206" />
  <row Id="89" TagName="protocol-design" Count="271" ExcerptPostId="1022" WikiPostId="1021" />
  <row Id="91" TagName="elgamal-encryption" Count="111" ExcerptPostId="1215" WikiPostId="1214" />
  <row Id="93" TagName="modes-of-operation" Count="141" ExcerptPostId="236" WikiPostId="235" />
  <row Id="94" TagName="discrete-logarithm" Count="130" ExcerptPostId="1226" WikiPostId="1225" />
  <row Id="95" TagName="finite-field" Count="63" ExcerptPostId="537" WikiPostId="536" />
  <row Id="98" TagName="md5" Count="86" ExcerptPostId="1238" WikiPostId="1237" />
  <row Id="99" TagName="differential-analysis" Count="21" ExcerptPostId="240" WikiPostId="239" />
  <row Id="100" TagName="white-box" Count="11" ExcerptPostId="1244" WikiPostId="1243" />
  <row Id="101" TagName="dsa" Count="121" ExcerptPostId="1590" WikiPostId="1589" />
  <row Id="102" TagName="number-theory" Count="90" ExcerptPostId="535" WikiPostId="534" />
  <row Id="103" TagName="feistel-network" Count="36" ExcerptPostId="1355" WikiPostId="1354" />
  <row Id="104" TagName="provable-security" Count="187" ExcerptPostId="1236" WikiPostId="1235" />
  <row Id="106" TagName="group-theory" Count="63" ExcerptPostId="1596" WikiPostId="1595" />
  <row Id="110" TagName="hmac" Count="182" ExcerptPostId="2401" WikiPostId="2400" />
  <row Id="111" TagName="birthday-attack" Count="12" ExcerptPostId="3038" WikiPostId="3037" />
  <row Id="114" TagName="sha-2" Count="44" ExcerptPostId="2245" WikiPostId="2244" />
  <row Id="115" TagName="enigma" Count="13" ExcerptPostId="1085" WikiPostId="1084" />
  <row Id="116" TagName="initialization-vector" Count="118" ExcerptPostId="1132" WikiPostId="1131" />
  <row Id="117" TagName="cbc" Count="146" ExcerptPostId="1208" WikiPostId="1207" />
  <row Id="119" TagName="alternating-step" Count="3" ExcerptPostId="14515" WikiPostId="14514" />
  <row Id="120" TagName="3des" Count="36" ExcerptPostId="3533" WikiPostId="3532" />
  <row Id="121" TagName="reference-request" Count="178" ExcerptPostId="9873" WikiPostId="9872" />
  <row Id="123" TagName="homomorphic-encryption" Count="162" ExcerptPostId="2102" WikiPostId="2101" />
  <row Id="125" TagName="history" Count="20" ExcerptPostId="2599" WikiPostId="2598" />
  <row Id="128" TagName="brute-force-attack" Count="107" ExcerptPostId="1230" WikiPostId="1229" />
  <row Id="129" TagName="dictionary-attack" Count="12" ExcerptPostId="9763" WikiPostId="9762" />
  <row Id="130" TagName="key-exchange" Count="163" ExcerptPostId="1213" WikiPostId="1212" />
  <row Id="131" TagName="rc4" Count="51" ExcerptPostId="2913" WikiPostId="2912" />
  <row Id="135" TagName="symmetric" Count="222" ExcerptPostId="1242" WikiPostId="1241" />
  <row Id="136" TagName="zero-knowledge-proofs" Count="122" ExcerptPostId="3416" WikiPostId="3415" />
  <row Id="137" TagName="fiat-shamir" Count="9" />
  <row Id="140" TagName="ntru" Count="24" ExcerptPostId="3677" WikiPostId="3676" />
  <row Id="142" TagName="diffie-hellman" Count="227" ExcerptPostId="1136" WikiPostId="1135" />
  <row Id="146" TagName="backdoors" Count="19" ExcerptPostId="10186" WikiPostId="10185" />
  <row Id="148" TagName="key-escrow" Count="4" />
  <row Id="149" TagName="prime-numbers" Count="127" ExcerptPostId="1210" WikiPostId="1209" />
  <row Id="156" TagName="cryptographic-hardware" Count="40" ExcerptPostId="2052" WikiPostId="2051" />
  <row Id="157" TagName="algorithm-design" Count="249" ExcerptPostId="1024" WikiPostId="1023" />
  <row Id="161" TagName="randomness" Count="114" ExcerptPostId="1594" WikiPostId="1593" />
  <row Id="164" TagName="certificates" Count="66" ExcerptPostId="2911" WikiPostId="2910" />
  <row Id="165" TagName="replay-attack" Count="17" ExcerptPostId="2896" WikiPostId="2895" />
  <row Id="167" TagName="classical-cipher" Count="72" ExcerptPostId="1659" WikiPostId="1658" />
  <row Id="168" TagName="hotp" Count="16" ExcerptPostId="1047" WikiPostId="1046" />
  <row Id="172" TagName="random-oracle-model" Count="33" ExcerptPostId="9797" WikiPostId="9796" />
  <row Id="173" TagName="authenticated-encryption" Count="128" ExcerptPostId="2892" WikiPostId="2891" />
  <row Id="175" TagName="scrypt" Count="31" ExcerptPostId="2926" WikiPostId="2925" />
  <row Id="177" TagName="pgp" Count="77" ExcerptPostId="1056" WikiPostId="1055" />
  <row Id="178" TagName="secret-sharing" Count="89" ExcerptPostId="2243" WikiPostId="2242" />
  <row Id="179" TagName="deniable-encryption" Count="14" ExcerptPostId="9769" WikiPostId="9768" />
  <row Id="182" TagName="preimage-resistance" Count="32" ExcerptPostId="2028" WikiPostId="2027" />
  <row Id="183" TagName="2nd-preimage-resistance" Count="22" ExcerptPostId="2030" WikiPostId="2029" />
  <row Id="186" TagName="xml-encryption" Count="2" ExcerptPostId="2907" WikiPostId="2906" />
  <row Id="187" TagName="mceliece" Count="17" ExcerptPostId="10457" WikiPostId="10456" />
  <row Id="190" TagName="ecb" Count="50" ExcerptPostId="3412" WikiPostId="3411" />
  <row Id="192" TagName="one-way-function" Count="55" ExcerptPostId="2909" WikiPostId="2908" />
  <row Id="194" TagName="wpa2-psk" Count="7" ExcerptPostId="10886" WikiPostId="10885" />
  <row Id="197" TagName="key-wrap" Count="6" />
  <row Id="200" TagName="ciphertext-only-attack" Count="11" ExcerptPostId="9845" WikiPostId="9844" />
  <row Id="201" TagName="chosen-plaintext-attack" Count="68" ExcerptPostId="2930" WikiPostId="2929" />
  <row Id="202" TagName="known-plaintext-attack" Count="74" ExcerptPostId="2928" WikiPostId="2927" />
  <row Id="203" TagName="chosen-ciphertext-attack" Count="54" ExcerptPostId="9761" WikiPostId="9760" />
  <row Id="208" TagName="pairings" Count="80" ExcerptPostId="1254" WikiPostId="1253" />
  <row Id="209" TagName="copy-protection" Count="6" ExcerptPostId="1311" WikiPostId="1310" />
  <row Id="210" TagName="license-key" Count="8" ExcerptPostId="1309" WikiPostId="1308" />
  <row Id="212" TagName="forgery" Count="16" ExcerptPostId="9767" WikiPostId="9766" />
  <row Id="214" TagName="anonymity" Count="24" ExcerptPostId="9446" WikiPostId="9445" />
  <row Id="215" TagName="digital-cash" Count="11" ExcerptPostId="1584" WikiPostId="1583" />
  <row Id="216" TagName="challenge-response" Count="14" ExcerptPostId="10665" WikiPostId="10664" />
  <row Id="218" TagName="password-based-encryption" Count="34" ExcerptPostId="9783" WikiPostId="9782" />
  <row Id="219" TagName="linear-cryptanalysis" Count="18" ExcerptPostId="10411" WikiPostId="10410" />
  <row Id="222" TagName="ctr" Count="72" ExcerptPostId="2380" WikiPostId="2379" />
  <row Id="223" TagName="padding" Count="87" ExcerptPostId="2247" WikiPostId="2246" />
  <row Id="226" TagName="elgamal-signature" Count="30" ExcerptPostId="6500" WikiPostId="6499" />
  <row Id="227" TagName="malleability" Count="19" ExcerptPostId="3658" WikiPostId="3657" />
  <row Id="228" TagName="hashed-elgamal" Count="2" />
  <row Id="236" TagName="convergent-encryption" Count="10" ExcerptPostId="3392" WikiPostId="3391" />
  <row Id="239" TagName="collision-resistance" Count="148" ExcerptPostId="2032" WikiPostId="2031" />
  <row Id="240" TagName="pbkdf-2" Count="76" ExcerptPostId="5179" WikiPostId="5178" />
  <row Id="242" TagName="disk-encryption" Count="19" ExcerptPostId="10897" WikiPostId="10896" />
  <row Id="246" TagName="compression" Count="32" ExcerptPostId="9443" WikiPostId="9442" />
  <row Id="252" TagName="commitments" Count="28" ExcerptPostId="1804" WikiPostId="1803" />
  <row Id="261" TagName="pseudo-random-function" Count="82" ExcerptPostId="9439" WikiPostId="9438" />
  <row Id="262" TagName="integrity" Count="37" ExcerptPostId="9448" WikiPostId="9447" />
  <row Id="263" TagName="serpent" Count="18" ExcerptPostId="3036" WikiPostId="3035" />
  <row Id="264" TagName="twofish" Count="13" ExcerptPostId="8881" WikiPostId="8880" />
  <row Id="267" TagName="key-check-value" Count="4" />
  <row Id="268" TagName="crc" Count="15" ExcerptPostId="8883" WikiPostId="8882" />
  <row Id="272" TagName="hill-cipher" Count="21" ExcerptPostId="5068" WikiPostId="5067" />
  <row Id="278" TagName="terminology" Count="67" ExcerptPostId="9441" WikiPostId="9440" />
  <row Id="279" TagName="complexity" Count="62" ExcerptPostId="8394" WikiPostId="8393" />
  <row Id="281" TagName="hash-tree" Count="18" ExcerptPostId="9577" WikiPostId="9576" />
  <row Id="282" TagName="paillier" Count="33" ExcerptPostId="2241" WikiPostId="2240" />
  <row Id="284" TagName="secure-index" Count="2" />
  <row Id="285" TagName="proof-of-work" Count="25" ExcerptPostId="3679" WikiPostId="3678" />
  <row Id="287" TagName="key-reuse" Count="38" ExcerptPostId="10161" WikiPostId="10160" />
  <row Id="289" TagName="eax" Count="10" ExcerptPostId="8870" WikiPostId="8869" />
  <row Id="294" TagName="blind-signature" Count="23" ExcerptPostId="2427" WikiPostId="2426" />
  <row Id="295" TagName="skein" Count="7" ExcerptPostId="5196" WikiPostId="5195" />
  <row Id="297" TagName="distinguisher" Count="13" ExcerptPostId="10773" WikiPostId="10772" />
  <row Id="300" TagName="length-extension" Count="17" ExcerptPostId="9028" WikiPostId="9027" />
  <row Id="301" TagName="rijndael" Count="32" ExcerptPostId="8885" WikiPostId="8884" />
  <row Id="302" TagName="semantic-security" Count="22" ExcerptPostId="8617" WikiPostId="8616" />
  <row Id="305" TagName="notation" Count="23" ExcerptPostId="5855" WikiPostId="5854" />
  <row Id="307" TagName="ofb" Count="15" ExcerptPostId="8992" WikiPostId="8991" />
  <row Id="308" TagName="biclique-attack" Count="3" />
  <row Id="310" TagName="quantum-cryptography" Count="19" ExcerptPostId="9485" WikiPostId="9484" />
  <row Id="317" TagName="index-of-coincidence" Count="7" ExcerptPostId="3041" WikiPostId="3040" />
  <row Id="318" TagName="blum-blum-shub" Count="11" ExcerptPostId="3151" WikiPostId="3150" />
  <row Id="319" TagName="host-proof" Count="8" ExcerptPostId="3406" WikiPostId="3405" />
  <row Id="323" TagName="gcm" Count="60" ExcerptPostId="3214" WikiPostId="3213" />
  <row Id="324" TagName="format-preserving" Count="36" ExcerptPostId="3408" WikiPostId="3407" />
  <row Id="325" TagName="schnorr-signature" Count="17" ExcerptPostId="10188" WikiPostId="10187" />
  <row Id="326" TagName="tweakable-cipher" Count="9" ExcerptPostId="10921" WikiPostId="10920" />
  <row Id="330" TagName="pki" Count="40" ExcerptPostId="8716" WikiPostId="8715" />
  <row Id="331" TagName="standards" Count="33" ExcerptPostId="5058" WikiPostId="5057" />
  <row Id="332" TagName="fips-140" Count="12" ExcerptPostId="9828" WikiPostId="9827" />
  <row Id="334" TagName="cfb" Count="14" ExcerptPostId="8994" WikiPostId="8993" />
  <row Id="335" TagName="sstp" Count="1" ExcerptPostId="3546" WikiPostId="3545" />
  <row Id="337" TagName="ed25519" Count="30" ExcerptPostId="10085" WikiPostId="10084" />
  <row Id="339" TagName="ssh" Count="21" ExcerptPostId="3708" WikiPostId="3707" />
  <row Id="340" TagName="padding-oracle" Count="20" ExcerptPostId="9030" WikiPostId="9029" />
  <row Id="342" TagName="one-time-password" Count="25" ExcerptPostId="9799" WikiPostId="9798" />
  <row Id="343" TagName="timestamping" Count="15" ExcerptPostId="10854" WikiPostId="10853" />
  <row Id="345" TagName="order-preserving" Count="12" ExcerptPostId="10083" WikiPostId="10082" />
  <row Id="346" TagName="security-definition" Count="51" ExcerptPostId="11092" WikiPostId="11091" />
  <row Id="349" TagName="performance" Count="25" ExcerptPostId="10620" WikiPostId="10619" />
  <row Id="350" TagName="steganography" Count="20" ExcerptPostId="9830" WikiPostId="9829" />
  <row Id="351" TagName="mental-poker" Count="7" ExcerptPostId="10622" WikiPostId="10621" />
  <row Id="354" TagName="idea" Count="6" ExcerptPostId="5177" WikiPostId="5176" />
  <row Id="355" TagName="arithmetic" Count="11" ExcerptPostId="9765" WikiPostId="9764" />
  <row Id="356" TagName="matrix-multiplication" Count="11" ExcerptPostId="10893" WikiPostId="10892" />
  <row Id="358" TagName="vigenere" Count="34" ExcerptPostId="5261" WikiPostId="5260" />
  <row Id="360" TagName="cbc-mac" Count="32" ExcerptPostId="8996" WikiPostId="8995" />
  <row Id="368" TagName="sha-512" Count="25" ExcerptPostId="5341" WikiPostId="5340" />
  <row Id="371" TagName="pseudo-random-generator" Count="84" ExcerptPostId="9779" WikiPostId="9778" />
  <row Id="372" TagName="hkdf" Count="21" ExcerptPostId="9857" WikiPostId="9856" />
  <row Id="374" TagName="nist" Count="32" ExcerptPostId="9839" WikiPostId="9838" />
  <row Id="375" TagName="sha-3" Count="30" ExcerptPostId="6311" WikiPostId="6310" />
  <row Id="378" TagName="non-repudiation" Count="8" ExcerptPostId="9866" WikiPostId="9865" />
  <row Id="380" TagName="voip" Count="2" ExcerptPostId="10669" WikiPostId="10668" />
  <row Id="381" TagName="decryption-oracle" Count="7" />
  <row Id="382" TagName="xts" Count="12" ExcerptPostId="10460" WikiPostId="10459" />
  <row Id="383" TagName="ocb" Count="5" ExcerptPostId="8879" WikiPostId="8878" />
  <row Id="385" TagName="lattice-crypto" Count="24" />
  <row Id="387" TagName="predicate-encryption" Count="4" ExcerptPostId="11090" WikiPostId="11089" />
  <row Id="388" TagName="functional-encryption" Count="12" ExcerptPostId="10783" WikiPostId="10782" />
  <row Id="389" TagName="identity-based-encryption" Count="26" ExcerptPostId="13000" WikiPostId="12999" />
  <row Id="392" TagName="protocol-analysis" Count="55" ExcerptPostId="9834" WikiPostId="9833" />
  <row Id="393" TagName="attribute-based-encry" Count="19" ExcerptPostId="10718" WikiPostId="10717" />
  <row Id="394" TagName="sponge" Count="16" ExcerptPostId="8330" WikiPostId="8329" />
  <row Id="403" TagName="threefish" Count="2" ExcerptPostId="9562" WikiPostId="9561" />
  <row Id="405" TagName="lfsr" Count="29" ExcerptPostId="6373" WikiPostId="6372" />
  <row Id="408" TagName="multiple-encryption" Count="28" ExcerptPostId="10895" WikiPostId="10894" />
  <row Id="410" TagName="java" Count="44" ExcerptPostId="9824" WikiPostId="9823" />
  <row Id="411" TagName="ccm" Count="8" ExcerptPostId="8872" WikiPostId="8871" />
  <row Id="412" TagName="nonce" Count="37" ExcerptPostId="9581" WikiPostId="9580" />
  <row Id="413" TagName="srp" Count="27" ExcerptPostId="8436" WikiPostId="8435" />
  <row Id="414" TagName="shamir-secret-sharing" Count="40" ExcerptPostId="9826" WikiPostId="9825" />
  <row Id="416" TagName="safe-prime" Count="14" ExcerptPostId="11665" WikiPostId="11664" />
  <row Id="418" TagName="pen-and-paper" Count="22" ExcerptPostId="9875" WikiPostId="9874" />
  <row Id="419" TagName="deterministic-encryption" Count="16" ExcerptPostId="9847" WikiPostId="9846" />
  <row Id="420" TagName="asn.1" Count="8" ExcerptPostId="10671" WikiPostId="10670" />
  <row Id="421" TagName="trapdoor" Count="13" ExcerptPostId="10092" WikiPostId="10091" />
  <row Id="423" TagName="md4" Count="4" ExcerptPostId="9775" WikiPostId="9774" />
  <row Id="424" TagName="keccak" Count="25" ExcerptPostId="9759" WikiPostId="9758" />
  <row Id="427" TagName="man-in-the-middle" Count="27" ExcerptPostId="9843" WikiPostId="9842" />
  <row Id="431" TagName="openssl" Count="81" ExcerptPostId="9458" WikiPostId="9457" />
  <row Id="434" TagName="pkcs11" Count="14" ExcerptPostId="10675" WikiPostId="10674" />
  <row Id="435" TagName="negligible" Count="5" ExcerptPostId="10769" WikiPostId="10768" />
  <row Id="436" TagName="oaep" Count="9" ExcerptPostId="10964" WikiPostId="10963" />
  <row Id="442" TagName="poly1305" Count="10" ExcerptPostId="10841" WikiPostId="10840" />
  <row Id="443" TagName="encoding" Count="13" ExcerptPostId="9849" WikiPostId="9848" />
  <row Id="444" TagName="onion-routing" Count="3" ExcerptPostId="10843" WikiPostId="10842" />
  <row Id="445" TagName="javascript" Count="20" ExcerptPostId="9771" WikiPostId="9770" />
  <row Id="446" TagName="key-rotation" Count="4" ExcerptPostId="9855" WikiPostId="9854" />
  <row Id="447" TagName="proxy-re-encryption" Count="5" />
  <row Id="450" TagName="u-prove" Count="3" ExcerptPostId="11796" WikiPostId="11795" />
  <row Id="451" TagName="forward-secrecy" Count="21" ExcerptPostId="9733" WikiPostId="9732" />
  <row Id="452" TagName="nsa" Count="17" ExcerptPostId="9851" WikiPostId="9850" />
  <row Id="455" TagName="adversarial-model" Count="9" ExcerptPostId="10771" WikiPostId="10770" />
  <row Id="456" TagName="modular-arithmetic" Count="104" ExcerptPostId="10413" WikiPostId="10412" />
  <row Id="458" TagName="simon" Count="7" ExcerptPostId="9548" WikiPostId="9547" />
  <row Id="459" TagName="speck" Count="3" ExcerptPostId="9550" WikiPostId="9549" />
  <row Id="461" TagName="bijection" Count="4" ExcerptPostId="11820" WikiPostId="11819" />
  <row Id="462" TagName="siv" Count="5" ExcerptPostId="9579" WikiPostId="9578" />
  <row Id="467" TagName="merkle-damgaard" Count="16" ExcerptPostId="9885" WikiPostId="9884" />
  <row Id="468" TagName="hash-signature" Count="42" ExcerptPostId="9871" WikiPostId="9870" />
  <row Id="469" TagName="software-obfuscation" Count="9" ExcerptPostId="16213" WikiPostId="16212" />
  <row Id="471" TagName="skipjack" Count="2" ExcerptPostId="9853" WikiPostId="9852" />
  <row Id="472" TagName="access-control" Count="4" ExcerptPostId="12009" WikiPostId="12008" />
  <row Id="473" TagName="fortuna" Count="7" ExcerptPostId="10856" WikiPostId="10855" />
  <row Id="475" TagName="key-distribution" Count="14" />
  <row Id="476" TagName="voting" Count="11" ExcerptPostId="9773" WikiPostId="9772" />
  <row Id="477" TagName="mixnets" Count="3" ExcerptPostId="12516" WikiPostId="12515" />
  <row Id="478" TagName="rabin-cryptosystem" Count="17" ExcerptPostId="9820" WikiPostId="9819" />
  <row Id="480" TagName="secure-channel" Count="8" />
  <row Id="481" TagName="ipsec" Count="7" />
  <row Id="482" TagName="hamming" Count="4" ExcerptPostId="10954" WikiPostId="10953" />
  <row Id="483" TagName="universal-composability" Count="4" ExcerptPostId="16211" WikiPostId="16210" />
  <row Id="485" TagName="pkcs8" Count="3" ExcerptPostId="10966" WikiPostId="10965" />
  <row Id="488" TagName="timed-release" Count="7" ExcerptPostId="10154" WikiPostId="10153" />
  <row Id="489" TagName="threshold-cryptography" Count="20" ExcerptPostId="14517" WikiPostId="14516" />
  <row Id="490" TagName="distributed-decryption" Count="7" />
  <row Id="491" TagName="cryptoapi" Count="3" ExcerptPostId="11663" WikiPostId="11662" />
  <row Id="492" TagName="s-mime" Count="5" ExcerptPostId="10241" WikiPostId="10240" />
  <row Id="496" TagName="dual-ec-drgb" Count="6" ExcerptPostId="10785" WikiPostId="10784" />
  <row Id="497" TagName="csprng" Count="47" ExcerptPostId="10361" WikiPostId="10360" />
  <row Id="498" TagName="universal-hash" Count="8" />
  <row Id="499" TagName="cpu" Count="2" ExcerptPostId="10694" WikiPostId="10693" />
  <row Id="500" TagName="meet-in-the-middle-attack" Count="22" ExcerptPostId="10560" WikiPostId="10559" />
  <row Id="501" TagName="lightweight" Count="8" ExcerptPostId="10428" WikiPostId="10427" />
  <row Id="505" TagName="blocksize" Count="21" ExcerptPostId="11148" WikiPostId="11147" />
  <row Id="506" TagName="attack" Count="48" ExcerptPostId="10677" WikiPostId="10676" />
  <row Id="508" TagName="prg" Count="12" ExcerptPostId="11661" WikiPostId="11660" />
  <row Id="512" TagName="mars" Count="1" ExcerptPostId="11544" WikiPostId="11543" />
  <row Id="513" TagName="salsa20" Count="22" ExcerptPostId="11213" WikiPostId="11212" />
  <row Id="514" TagName="camellia" Count="5" ExcerptPostId="11474" WikiPostId="11473" />
  <row Id="515" TagName="monotone-access-structure" Count="2" ExcerptPostId="11416" WikiPostId="11415" />
  <row Id="516" TagName="information-theory" Count="7" ExcerptPostId="12048" WikiPostId="12047" />
  <row Id="518" TagName="commutative-encryption" Count="13" ExcerptPostId="11550" WikiPostId="11549" />
  <row Id="519" TagName="data-privacy" Count="13" ExcerptPostId="11555" WikiPostId="11554" />
  <row Id="520" TagName="pseudo-random-permutation" Count="30" ExcerptPostId="11607" WikiPostId="11606" />
  <row Id="521" TagName="luby-rackoff" Count="4" ExcerptPostId="11758" WikiPostId="11757" />
  <row Id="522" TagName="three-pass-protocol" Count="4" ExcerptPostId="11668" WikiPostId="11667" />
  <row Id="523" TagName="certificateless-crypto" Count="5" ExcerptPostId="11697" WikiPostId="11696" />
  <row Id="524" TagName="key-recovery" Count="5" ExcerptPostId="11701" WikiPostId="11700" />
  <row Id="525" TagName="crl" Count="1" ExcerptPostId="11718" WikiPostId="11717" />
  <row Id="526" TagName="perfect-secrecy" Count="26" ExcerptPostId="25870" WikiPostId="25869" />
  <row Id="527" TagName="hybrid" Count="2" ExcerptPostId="12013" WikiPostId="12012" />
  <row Id="528" TagName="pir" Count="3" ExcerptPostId="11860" WikiPostId="11859" />
  <row Id="529" TagName="cmac" Count="12" ExcerptPostId="12038" WikiPostId="12037" />
  <row Id="530" TagName="md2" Count="1" ExcerptPostId="12019" WikiPostId="12018" />
  <row Id="531" TagName="constants" Count="6" ExcerptPostId="12011" WikiPostId="12010" />
  <row Id="532" TagName="niederreiter" Count="1" ExcerptPostId="11999" WikiPostId="11998" />
  <row Id="535" TagName="mixing-function" Count="3" ExcerptPostId="12149" WikiPostId="12148" />
  <row Id="536" TagName="avalanche" Count="7" ExcerptPostId="12147" WikiPostId="12146" />
  <row Id="537" TagName="accumulators" Count="13" ExcerptPostId="12613" WikiPostId="12612" />
  <row Id="538" TagName="pohlig-hellman" Count="12" ExcerptPostId="12278" WikiPostId="12277" />
  <row Id="543" TagName="quadratic-residuosity" Count="13" ExcerptPostId="12609" WikiPostId="12608" />
  <row Id="545" TagName="key-schedule" Count="9" ExcerptPostId="12607" WikiPostId="12606" />
  <row Id="546" TagName="acoustic-cryptanalysis" Count="1" ExcerptPostId="12604" WikiPostId="12603" />
  <row Id="547" TagName="rc6" Count="1" ExcerptPostId="12663" WikiPostId="12662" />
  <row Id="548" TagName="congruence" Count="6" ExcerptPostId="12691" WikiPostId="12690" />
  <row Id="549" TagName="transposition-cipher" Count="11" ExcerptPostId="12693" WikiPostId="12692" />
  <row Id="550" TagName="secure-storage" Count="10" ExcerptPostId="13287" WikiPostId="13286" />
  <row Id="551" TagName="remote-data-checking" Count="2" ExcerptPostId="12733" WikiPostId="12732" />
  <row Id="556" TagName="needham-schroeder" Count="4" ExcerptPostId="12827" WikiPostId="12826" />
  <row Id="557" TagName="private-set-intersection" Count="11" ExcerptPostId="12838" WikiPostId="12837" />
  <row Id="558" TagName="homomorphic-signatures" Count="4" ExcerptPostId="12920" WikiPostId="12919" />
  <row Id="559" TagName="ephemeral" Count="3" ExcerptPostId="13285" WikiPostId="13284" />
  <row Id="560" TagName="plausible-deniability" Count="3" ExcerptPostId="12947" WikiPostId="12946" />
  <row Id="566" TagName="distinguishing-attack" Count="14" ExcerptPostId="13104" WikiPostId="13103" />
  <row Id="567" TagName="embedded" Count="7" ExcerptPostId="13281" WikiPostId="13280" />
  <row Id="568" TagName="miyaguchi-preneel" Count="2" ExcerptPostId="13283" WikiPostId="13282" />
  <row Id="572" TagName="multi-prime-rsa" Count="8" ExcerptPostId="14688" WikiPostId="14687" />
  <row Id="583" TagName="traitor-tracing" Count="1" ExcerptPostId="15857" WikiPostId="15856" />
  <row Id="588" TagName="knapsack" Count="5" ExcerptPostId="15560" WikiPostId="15559" />
  <row Id="591" TagName="rsap" Count="1" ExcerptPostId="15717" WikiPostId="15716" />
  <row Id="593" TagName="kbkdf" Count="3" ExcerptPostId="15855" WikiPostId="15854" />
  <row Id="594" TagName="cramer-shoup" Count="3" ExcerptPostId="15712" WikiPostId="15711" />
  <row Id="595" TagName="key-generation" Count="19" ExcerptPostId="15765" WikiPostId="15764" />
  <row Id="596" TagName="schnorr-identification" Count="6" ExcerptPostId="15848" WikiPostId="15847" />
  <row Id="600" TagName="sha-3-competition" Count="1" ExcerptPostId="16209" WikiPostId="16208" />
  <row Id="605" TagName="tea" Count="4" ExcerptPostId="16207" WikiPostId="16206" />
  <row Id="607" TagName="oblivious-ram" Count="2" ExcerptPostId="16301" WikiPostId="16300" />
  <row Id="608" TagName="ecies" Count="4" ExcerptPostId="16427" WikiPostId="16426" />
  <row Id="1613" TagName="rainbow-table" Count="15" ExcerptPostId="18309" WikiPostId="18308" />
  <row Id="1614" TagName="untagged" Count="2" />
  <row Id="1615" TagName="frequency-analysis" Count="11" ExcerptPostId="18510" WikiPostId="18509" />
  <row Id="1616" TagName="tokenization" Count="2" ExcerptPostId="18512" WikiPostId="18511" />
  <row Id="1618" TagName="pbkdf" Count="9" ExcerptPostId="18764" WikiPostId="18763" />
  <row Id="1620" TagName="education" Count="6" ExcerptPostId="18873" WikiPostId="18872" />
  <row Id="1622" TagName="searchable-encryption" Count="5" ExcerptPostId="20435" WikiPostId="20434" />
  <row Id="1625" TagName="truecrypt" Count="3" ExcerptPostId="25872" WikiPostId="25871" />
  <row Id="1626" TagName="verifiability" Count="10" />
  <row Id="1627" TagName="feal" Count="3" ExcerptPostId="19501" WikiPostId="19500" />
  <row Id="1628" TagName="desx" Count="2" ExcerptPostId="19801" WikiPostId="19800" />
  <row Id="1631" TagName="lucas" Count="2" />
  <row Id="1633" TagName="error-propagation" Count="2" ExcerptPostId="25864" WikiPostId="25863" />
  <row Id="1635" TagName="arx" Count="1" ExcerptPostId="25862" WikiPostId="25861" />
  <row Id="1636" TagName="rc2" Count="1" ExcerptPostId="20533" WikiPostId="20532" />
  <row Id="1637" TagName="memory-hard" Count="3" ExcerptPostId="25868" WikiPostId="25867" />
  <row Id="1639" TagName="theory" Count="3" />
  <row Id="1641" TagName="smartcard" Count="3" />
  <row Id="1642" TagName="dpa" Count="4" />
  <row Id="1643" TagName="broadcast-encryption" Count="8" />
  <row Id="1644" TagName="traffic-analysis" Count="3" ExcerptPostId="21101" WikiPostId="21100" />
  <row Id="1645" TagName="file-format" Count="6" />
  <row Id="1647" TagName="differential-privacy" Count="2" />
  <row Id="1651" TagName="blake2" Count="2" ExcerptPostId="22603" WikiPostId="22602" />
  <row Id="1652" TagName="unicity-distance" Count="3" ExcerptPostId="24687" WikiPostId="24686" />
  <row Id="1653" TagName="hardness-assumptions" Count="5" />
  <row Id="1654" TagName="libsodium" Count="5" ExcerptPostId="25866" WikiPostId="25865" />
  <row Id="1655" TagName="serialization" Count="1" />
  <row Id="1656" TagName="diffusion" Count="3" ExcerptPostId="24411" WikiPostId="24410" />
  <row Id="1657" TagName="shake" Count="1" />
  <row Id="1659" TagName="blinding" Count="8" ExcerptPostId="25841" WikiPostId="25840" />
  <row Id="1661" TagName="mulicast" Count="1" />
  <row Id="1662" TagName="shacal-2" Count="1" ExcerptPostId="25843" WikiPostId="25842" />
  <row Id="1663" TagName="u2f" Count="1" />
  <row Id="1664" TagName="yubikey" Count="1" />
  <row Id="1669" TagName="s-des" Count="3" ExcerptPostId="25816" WikiPostId="25815" />
  <row Id="1670" TagName="hard-core-predicate" Count="1" />
  <row Id="1671" TagName="logjam" Count="2" ExcerptPostId="25839" WikiPostId="25838" />
  <row Id="1672" TagName="goldwasser-micali" Count="1" />
  <row Id="1673" TagName="universal-re-encryption" Count="3" />
  <row Id="1674" TagName="elliptic-curve-generation" Count="2" />
  <row Id="1675" TagName="soft-question" Count="1" />
  <row Id="1677" TagName="p1363" Count="3" ExcerptPostId="26209" WikiPostId="26208" />
  <row Id="1680" TagName="cms" Count="5" />
  <row Id="1681" TagName="montgomery-multiplication" Count="13" />
  <row Id="1682" TagName="chacha" Count="3" ExcerptPostId="26439" WikiPostId="26438" />
  <row Id="1683" TagName="cryptdb" Count="4" ExcerptPostId="26549" WikiPostId="26548" />
  <row Id="1684" TagName="probabilistic-encryption" Count="2" ExcerptPostId="26605" WikiPostId="26604" />
  <row Id="1690" TagName="approximate-gcd" Count="1" />
  <row Id="1693" TagName="hnp" Count="1" />
  <row Id="1694" TagName="siphash" Count="1" />
</tags>